month,brand,model,type,units_sold,state
2023-01,Ather,450X,2-Wheeler,1731,Gujarat
2023-02,Ather,450X,2-Wheeler,1699,Delhi
2023-03,Ather,450X,2-Wheeler,1866,Karnataka
2023-04,Ather,450X,2-Wheeler,1723,Delhi
2023-05,Ather,450X,2-Wheeler,1707,Karnataka
2023-06,Ather,450X,2-Wheeler,1744,Delhi
2023-07,Ather,450X,2-Wheeler,2000,Karnataka
2023-08,Ather,450X,2-Wheeler,1746,Karnataka
2023-09,Ather,450X,2-Wheeler,1949,Tamil Nadu
2023-10,Ather,450X,2-Wheeler,2007,Karnataka
2023-11,Ather,450X,2-Wheeler,2057,Gujarat
2023-12,Ather,450X,2-Wheeler,1962,Delhi
2024-01,Ather,450X,2-Wheeler,1648,Gujarat
2024-02,Ather,450X,2-Wheeler,1923,Maharashtra
2024-03,Ather,450X,2-Wheeler,1833,Tamil Nadu
2024-04,Ather,450X,2-Wheeler,1824,Gujarat
2024-05,Ather,450X,2-Wheeler,1778,Tamil Nadu
2024-06,Ather,450X,2-Wheeler,2032,Gujarat
2024-07,Ather,450X,2-Wheeler,1738,Karnataka
2024-08,Ather,450X,2-Wheeler,1873,Tamil Nadu
2024-09,Ather,450X,2-Wheeler,1903,Tamil Nadu
2023-01,Ather,450S,2-Wheeler,732,Delhi
2023-02,Ather,450S,2-Wheeler,698,Gujarat
2023-03,Ather,450S,2-Wheeler,698,Maharashtra
2023-04,Ather,450S,2-Wheeler,789,Gujarat
2023-05,Ather,450S,2-Wheeler,808,Gujarat
2023-06,Ather,450S,2-Wheeler,745,Karnataka
2023-07,Ather,450S,2-Wheeler,690,Karnataka
2023-08,Ather,450S,2-Wheeler,791,Delhi
2023-09,Ather,450S,2-Wheeler,784,Tamil Nadu
2023-10,Ather,450S,2-Wheeler,746,Maharashtra
2023-11,Ather,450S,2-Wheeler,859,Gujarat
2023-12,Ather,450S,2-Wheeler,820,Tamil Nadu
2024-01,Ather,450S,2-Wheeler,735,Karnataka
2024-02,Ather,450S,2-Wheeler,705,Karnataka
2024-03,Ather,450S,2-Wheeler,777,Maharashtra
2024-04,Ather,450S,2-Wheeler,740,Karnataka
2024-05,Ather,450S,2-Wheeler,816,Tamil Nadu
2024-06,Ather,450S,2-Wheeler,785,Maharashtra
2024-07,Ather,450S,2-Wheeler,719,Delhi
2024-08,Ather,450S,2-Wheeler,810,Maharashtra
2024-09,Ather,450S,2-Wheeler,813,Tamil Nadu
2023-01,Ather,450 Apex,2-Wheeler,2379,Tamil Nadu
2023-02,Ather,450 Apex,2-Wheeler,2263,Maharashtra
2023-03,Ather,450 Apex,2-Wheeler,2215,Gujarat
2023-04,Ather,450 Apex,2-Wheeler,2317,Gujarat
2023-05,Ather,450 Apex,2-Wheeler,2530,Delhi
2023-06,Ather,450 Apex,2-Wheeler,2450,Maharashtra
2023-07,Ather,450 Apex,2-Wheeler,2660,Maharashtra
2023-08,Ather,450 Apex,2-Wheeler,2549,Tamil Nadu
2023-09,Ather,450 Apex,2-Wheeler,2435,Maharashtra
2023-10,Ather,450 Apex,2-Wheeler,2727,Maharashtra
2023-11,Ather,450 Apex,2-Wheeler,2680,Delhi
2023-12,Ather,450 Apex,2-Wheeler,2495,Tamil Nadu
2024-01,Ather,450 Apex,2-Wheeler,2428,Gujarat
2024-02,Ather,450 Apex,2-Wheeler,2392,Karnataka
2024-03,Ather,450 Apex,2-Wheeler,2488,Maharashtra
2024-04,Ather,450 Apex,2-Wheeler,2243,Delhi
2024-05,Ather,450 Apex,2-Wheeler,2222,Tamil Nadu
2024-06,Ather,450 Apex,2-Wheeler,2575,Gujarat
2024-07,Ather,450 Apex,2-Wheeler,2654,Delhi
2024-08,Ather,450 Apex,2-Wheeler,2468,Maharashtra
2024-09,Ather,450 Apex,2-Wheeler,2446,Karnataka
2023-01,Ola Electric,S1 Pro,2-Wheeler,485,Maharashtra
2023-02,Ola Electric,S1 Pro,2-Wheeler,473,Karnataka
2023-03,Ola Electric,S1 Pro,2-Wheeler,561,Delhi
2023-04,Ola Electric,S1 Pro,2-Wheeler,556,Tamil Nadu
2023-05,Ola Electric,S1 Pro,2-Wheeler,545,Gujarat
2023-06,Ola Electric,S1 Pro,2-Wheeler,586,Maharashtra
2023-07,Ola Electric,S1 Pro,2-Wheeler,577,Karnataka
2023-08,Ola Electric,S1 Pro,2-Wheeler,528,Tamil Nadu
2023-09,Ola Electric,S1 Pro,2-Wheeler,519,Maharashtra
2023-10,Ola Electric,S1 Pro,2-Wheeler,566,Tamil Nadu
2023-11,Ola Electric,S1 Pro,2-Wheeler,570,Maharashtra
2023-12,Ola Electric,S1 Pro,2-Wheeler,608,Maharashtra
2024-01,Ola Electric,S1 Pro,2-Wheeler,519,Tamil Nadu
2024-02,Ola Electric,S1 Pro,2-Wheeler,483,Karnataka
2024-03,Ola Electric,S1 Pro,2-Wheeler,474,Maharashtra
2024-04,Ola Electric,S1 Pro,2-Wheeler,545,Gujarat
2024-05,Ola Electric,S1 Pro,2-Wheeler,528,Maharashtra
2024-06,Ola Electric,S1 Pro,2-Wheeler,541,Maharashtra
2024-07,Ola Electric,S1 Pro,2-Wheeler,573,Delhi
2024-08,Ola Electric,S1 Pro,2-Wheeler,588,Gujarat
2024-09,Ola Electric,S1 Pro,2-Wheeler,520,Maharashtra
2023-01,Ola Electric,S1 Air,2-Wheeler,1187,Delhi
2023-02,Ola Electric,S1 Air,2-Wheeler,1168,Tamil Nadu
2023-03,Ola Electric,S1 Air,2-Wheeler,1232,Gujarat
2023-04,Ola Electric,S1 Air,2-Wheeler,1057,Gujarat
2023-05,Ola Electric,S1 Air,2-Wheeler,1130,Tamil Nadu
2023-06,Ola Electric,S1 Air,2-Wheeler,1258,Gujarat
2023-07,Ola Electric,S1 Air,2-Wheeler,1067,Karnataka
2023-08,Ola Electric,S1 Air,2-Wheeler,1111,Delhi
2023-09,Ola Electric,S1 Air,2-Wheeler,1088,Maharashtra
2023-10,Ola Electric,S1 Air,2-Wheeler,1080,Maharashtra
2023-11,Ola Electric,S1 Air,2-Wheeler,1242,Tamil Nadu
2023-12,Ola Electric,S1 Air,2-Wheeler,1292,Maharashtra
2024-01,Ola Electric,S1 Air,2-Wheeler,1100,Gujarat
2024-02,Ola Electric,S1 Air,2-Wheeler,1098,Maharashtra
2024-03,Ola Electric,S1 Air,2-Wheeler,1166,Gujarat
2024-04,Ola Electric,S1 Air,2-Wheeler,1095,Delhi
2024-05,Ola Electric,S1 Air,2-Wheeler,1147,Maharashtra
2024-06,Ola Electric,S1 Air,2-Wheeler,1138,Gujarat
2024-07,Ola Electric,S1 Air,2-Wheeler,1062,Tamil Nadu
2024-08,Ola Electric,S1 Air,2-Wheeler,1270,Gujarat
2024-09,Ola Electric,S1 Air,2-Wheeler,1136,Gujarat
2023-01,Ola Electric,S1 X,2-Wheeler,1235,Tamil Nadu
2023-02,Ola Electric,S1 X,2-Wheeler,1131,Delhi
2023-03,Ola Electric,S1 X,2-Wheeler,1342,Maharashtra
2023-04,Ola Electric,S1 X,2-Wheeler,1260,Gujarat
2023-05,Ola Electric,S1 X,2-Wheeler,1276,Gujarat
2023-06,Ola Electric,S1 X,2-Wheeler,1391,Maharashtra
2023-07,Ola Electric,S1 X,2-Wheeler,1276,Karnataka
2023-08,Ola Electric,S1 X,2-Wheeler,1351,Gujarat
2023-09,Ola Electric,S1 X,2-Wheeler,1253,Delhi
2023-10,Ola Electric,S1 X,2-Wheeler,1303,Karnataka
2023-11,Ola Electric,S1 X,2-Wheeler,1353,Gujarat
2023-12,Ola Electric,S1 X,2-Wheeler,1267,Delhi
2024-01,Ola Electric,S1 X,2-Wheeler,1207,Karnataka
2024-02,Ola Electric,S1 X,2-Wheeler,1177,Maharashtra
2024-03,Ola Electric,S1 X,2-Wheeler,1149,Gujarat
2024-04,Ola Electric,S1 X,2-Wheeler,1292,Gujarat
2024-05,Ola Electric,S1 X,2-Wheeler,1255,Karnataka
2024-06,Ola Electric,S1 X,2-Wheeler,1195,Gujarat
2024-07,Ola Electric,S1 X,2-Wheeler,1267,Karnataka
2024-08,Ola Electric,S1 X,2-Wheeler,1356,Maharashtra
2024-09,Ola Electric,S1 X,2-Wheeler,1442,Tamil Nadu
2023-01,TVS,iQube,2-Wheeler,1986,Delhi
2023-02,TVS,iQube,2-Wheeler,1885,Gujarat
2023-03,TVS,iQube,2-Wheeler,2205,Tamil Nadu
2023-04,TVS,iQube,2-Wheeler,2143,Maharashtra
2023-05,TVS,iQube,2-Wheeler,2139,Delhi
2023-06,TVS,iQube,2-Wheeler,2002,Tamil Nadu
2023-07,TVS,iQube,2-Wheeler,2161,Delhi
2023-08,TVS,iQube,2-Wheeler,2173,Maharashtra
2023-09,TVS,iQube,2-Wheeler,2004,Karnataka
2023-10,TVS,iQube,2-Wheeler,2085,Tamil Nadu
2023-11,TVS,iQube,2-Wheeler,2144,Karnataka
2023-12,TVS,iQube,2-Wheeler,2345,Tamil Nadu
2024-01,TVS,iQube,2-Wheeler,1917,Maharashtra
2024-02,TVS,iQube,2-Wheeler,2217,Gujarat
2024-03,TVS,iQube,2-Wheeler,1874,Delhi
2024-04,TVS,iQube,2-Wheeler,1887,Delhi
2024-05,TVS,iQube,2-Wheeler,2144,Karnataka
2024-06,TVS,iQube,2-Wheeler,1980,Gujarat
2024-07,TVS,iQube,2-Wheeler,2321,Gujarat
2024-08,TVS,iQube,2-Wheeler,2051,Karnataka
2024-09,TVS,iQube,2-Wheeler,1980,Gujarat
2023-01,TVS,iQube ST,2-Wheeler,881,Tamil Nadu
2023-02,TVS,iQube ST,2-Wheeler,1019,Delhi
2023-03,TVS,iQube ST,2-Wheeler,924,Karnataka
2023-04,TVS,iQube ST,2-Wheeler,933,Maharashtra
2023-05,TVS,iQube ST,2-Wheeler,916,Maharashtra
2023-06,TVS,iQube ST,2-Wheeler,913,Tamil Nadu
2023-07,TVS,iQube ST,2-Wheeler,984,Maharashtra
2023-08,TVS,iQube ST,2-Wheeler,940,Karnataka
2023-09,TVS,iQube ST,2-Wheeler,1104,Maharashtra
2023-10,TVS,iQube ST,2-Wheeler,1029,Karnataka
2023-11,TVS,iQube ST,2-Wheeler,1117,Gujarat
2023-12,TVS,iQube ST,2-Wheeler,1038,Maharashtra
2024-01,TVS,iQube ST,2-Wheeler,972,Tamil Nadu
2024-02,TVS,iQube ST,2-Wheeler,1056,Tamil Nadu
2024-03,TVS,iQube ST,2-Wheeler,1061,Tamil Nadu
2024-04,TVS,iQube ST,2-Wheeler,974,Delhi
2024-05,TVS,iQube ST,2-Wheeler,1007,Delhi
2024-06,TVS,iQube ST,2-Wheeler,955,Gujarat
2024-07,TVS,iQube ST,2-Wheeler,1003,Karnataka
2024-08,TVS,iQube ST,2-Wheeler,1068,Tamil Nadu
2024-09,TVS,iQube ST,2-Wheeler,1059,Gujarat
2023-01,Bajaj,Chetak,2-Wheeler,1090,Tamil Nadu
2023-02,Bajaj,Chetak,2-Wheeler,953,Tamil Nadu
2023-03,Bajaj,Chetak,2-Wheeler,999,Karnataka
2023-04,Bajaj,Chetak,2-Wheeler,1113,Karnataka
2023-05,Bajaj,Chetak,2-Wheeler,1077,Delhi
2023-06,Bajaj,Chetak,2-Wheeler,1154,Gujarat
2023-07,Bajaj,Chetak,2-Wheeler,1034,Gujarat
2023-08,Bajaj,Chetak,2-Wheeler,1105,Tamil Nadu
2023-09,Bajaj,Chetak,2-Wheeler,1088,Karnataka
2023-10,Bajaj,Chetak,2-Wheeler,1069,Gujarat
2023-11,Bajaj,Chetak,2-Wheeler,1035,Delhi
2023-12,Bajaj,Chetak,2-Wheeler,1131,Karnataka
2024-01,Bajaj,Chetak,2-Wheeler,1035,Tamil Nadu
2024-02,Bajaj,Chetak,2-Wheeler,1001,Gujarat
2024-03,Bajaj,Chetak,2-Wheeler,996,Maharashtra
2024-04,Bajaj,Chetak,2-Wheeler,1015,Maharashtra
2024-05,Bajaj,Chetak,2-Wheeler,1118,Maharashtra
2024-06,Bajaj,Chetak,2-Wheeler,1115,Tamil Nadu
2024-07,Bajaj,Chetak,2-Wheeler,1107,Maharashtra
2024-08,Bajaj,Chetak,2-Wheeler,1163,Karnataka
2024-09,Bajaj,Chetak,2-Wheeler,1172,Tamil Nadu
2023-01,Bajaj,Chetak Premium,2-Wheeler,1715,Gujarat
2023-02,Bajaj,Chetak Premium,2-Wheeler,1621,Maharashtra
2023-03,Bajaj,Chetak Premium,2-Wheeler,1636,Delhi
2023-04,Bajaj,Chetak Premium,2-Wheeler,1781,Maharashtra
2023-05,Bajaj,Chetak Premium,2-Wheeler,1806,Maharashtra
2023-06,Bajaj,Chetak Premium,2-Wheeler,1588,Delhi
2023-07,Bajaj,Chetak Premium,2-Wheeler,1872,Maharashtra
2023-08,Bajaj,Chetak Premium,2-Wheeler,1697,Gujarat
2023-09,Bajaj,Chetak Premium,2-Wheeler,1928,Maharashtra
2023-10,Bajaj,Chetak Premium,2-Wheeler,1632,Maharashtra
2023-11,Bajaj,Chetak Premium,2-Wheeler,1956,Maharashtra
2023-12,Bajaj,Chetak Premium,2-Wheeler,1834,Delhi
2024-01,Bajaj,Chetak Premium,2-Wheeler,1777,Gujarat
2024-02,Bajaj,Chetak Premium,2-Wheeler,1545,Delhi
2024-03,Bajaj,Chetak Premium,2-Wheeler,1730,Karnataka
2024-04,Bajaj,Chetak Premium,2-Wheeler,1570,Delhi
2024-05,Bajaj,Chetak Premium,2-Wheeler,1831,Tamil Nadu
2024-06,Bajaj,Chetak Premium,2-Wheeler,1617,Karnataka
2024-07,Bajaj,Chetak Premium,2-Wheeler,1853,Delhi
2024-08,Bajaj,Chetak Premium,2-Wheeler,1646,Karnataka
2024-09,Bajaj,Chetak Premium,2-Wheeler,1726,Maharashtra
2023-01,Simple Energy,One,2-Wheeler,2420,Tamil Nadu
2023-02,Simple Energy,One,2-Wheeler,2374,Maharashtra
2023-03,Simple Energy,One,2-Wheeler,2354,Gujarat
2023-04,Simple Energy,One,2-Wheeler,2581,Tamil Nadu
2023-05,Simple Energy,One,2-Wheeler,2591,Delhi
2023-06,Simple Energy,One,2-Wheeler,2383,Maharashtra
2023-07,Simple Energy,One,2-Wheeler,2419,Maharashtra
2023-08,Simple Energy,One,2-Wheeler,2649,Delhi
2023-09,Simple Energy,One,2-Wheeler,2341,Tamil Nadu
2023-10,Simple Energy,One,2-Wheeler,2605,Gujarat
2023-11,Simple Energy,One,2-Wheeler,2401,Maharashtra
2023-12,Simple Energy,One,2-Wheeler,2418,Gujarat
2024-01,Simple Energy,One,2-Wheeler,2310,Karnataka
2024-02,Simple Energy,One,2-Wheeler,2188,Karnataka
2024-03,Simple Energy,One,2-Wheeler,2587,Gujarat
2024-04,Simple Energy,One,2-Wheeler,2700,Delhi
2024-05,Simple Energy,One,2-Wheeler,2606,Karnataka
2024-06,Simple Energy,One,2-Wheeler,2742,Gujarat
2024-07,Simple Energy,One,2-Wheeler,2564,Gujarat
2024-08,Simple Energy,One,2-Wheeler,2485,Karnataka
2024-09,Simple Energy,One,2-Wheeler,2616,Maharashtra
2023-01,Bounce,Infinity E1,2-Wheeler,719,Karnataka
2023-02,Bounce,Infinity E1,2-Wheeler,790,Delhi
2023-03,Bounce,Infinity E1,2-Wheeler,809,Delhi
2023-04,Bounce,Infinity E1,2-Wheeler,685,Tamil Nadu
2023-05,Bounce,Infinity E1,2-Wheeler,838,Maharashtra
2023-06,Bounce,Infinity E1,2-Wheeler,701,Tamil Nadu
2023-07,Bounce,Infinity E1,2-Wheeler,841,Maharashtra
2023-08,Bounce,Infinity E1,2-Wheeler,852,Tamil Nadu
2023-09,Bounce,Infinity E1,2-Wheeler,793,Karnataka
2023-10,Bounce,Infinity E1,2-Wheeler,763,Karnataka
2023-11,Bounce,Infinity E1,2-Wheeler,885,Tamil Nadu
2023-12,Bounce,Infinity E1,2-Wheeler,872,Gujarat
2024-01,Bounce,Infinity E1,2-Wheeler,800,Tamil Nadu
2024-02,Bounce,Infinity E1,2-Wheeler,673,Karnataka
2024-03,Bounce,Infinity E1,2-Wheeler,728,Delhi
2024-04,Bounce,Infinity E1,2-Wheeler,753,Karnataka
2024-05,Bounce,Infinity E1,2-Wheeler,764,Maharashtra
2024-06,Bounce,Infinity E1,2-Wheeler,828,Tamil Nadu
2024-07,Bounce,Infinity E1,2-Wheeler,758,Delhi
2024-08,Bounce,Infinity E1,2-Wheeler,801,Gujarat
2024-09,Bounce,Infinity E1,2-Wheeler,865,Tamil Nadu
2023-01,Hero Electric,Optima,2-Wheeler,2834,Gujarat
2023-02,Hero Electric,Optima,2-Wheeler,3093,Gujarat
2023-03,Hero Electric,Optima,2-Wheeler,2874,Karnataka
2023-04,Hero Electric,Optima,2-Wheeler,3089,Maharashtra
2023-05,Hero Electric,Optima,2-Wheeler,3008,Gujarat
2023-06,Hero Electric,Optima,2-Wheeler,2697,Tamil Nadu
2023-07,Hero Electric,Optima,2-Wheeler,2920,Karnataka
2023-08,Hero Electric,Optima,2-Wheeler,3223,Delhi
2023-09,Hero Electric,Optima,2-Wheeler,3365,Gujarat
2023-10,Hero Electric,Optima,2-Wheeler,2845,Tamil Nadu
2023-11,Hero Electric,Optima,2-Wheeler,2898,Gujarat
2023-12,Hero Electric,Optima,2-Wheeler,2856,Gujarat
2024-01,Hero Electric,Optima,2-Wheeler,2917,Karnataka
2024-02,Hero Electric,Optima,2-Wheeler,2775,Maharashtra
2024-03,Hero Electric,Optima,2-Wheeler,2798,Karnataka
2024-04,Hero Electric,Optima,2-Wheeler,3159,Gujarat
2024-05,Hero Electric,Optima,2-Wheeler,2686,Tamil Nadu
2024-06,Hero Electric,Optima,2-Wheeler,3255,Tamil Nadu
2024-07,Hero Electric,Optima,2-Wheeler,3014,Tamil Nadu
2024-08,Hero Electric,Optima,2-Wheeler,3027,Gujarat
2024-09,Hero Electric,Optima,2-Wheeler,3372,Karnataka
2023-01,Hero Electric,Photon,2-Wheeler,1109,Karnataka
2023-02,Hero Electric,Photon,2-Wheeler,1265,Tamil Nadu
2023-03,Hero Electric,Photon,2-Wheeler,1105,Tamil Nadu
2023-04,Hero Electric,Photon,2-Wheeler,1182,Delhi
2023-05,Hero Electric,Photon,2-Wheeler,1134,Karnataka
2023-06,Hero Electric,Photon,2-Wheeler,1316,Karnataka
2023-07,Hero Electric,Photon,2-Wheeler,1335,Delhi
2023-08,Hero Electric,Photon,2-Wheeler,1230,Delhi
2023-09,Hero Electric,Photon,2-Wheeler,1235,Delhi
2023-10,Hero Electric,Photon,2-Wheeler,1340,Maharashtra
2023-11,Hero Electric,Photon,2-Wheeler,1279,Maharashtra
2023-12,Hero Electric,Photon,2-Wheeler,1380,Tamil Nadu
2024-01,Hero Electric,Photon,2-Wheeler,1189,Maharashtra
2024-02,Hero Electric,Photon,2-Wheeler,1212,Gujarat
2024-03,Hero Electric,Photon,2-Wheeler,1227,Delhi
2024-04,Hero Electric,Photon,2-Wheeler,1267,Delhi
2024-05,Hero Electric,Photon,2-Wheeler,1225,Tamil Nadu
2024-06,Hero Electric,Photon,2-Wheeler,1272,Gujarat
2024-07,Hero Electric,Photon,2-Wheeler,1346,Gujarat
2024-08,Hero Electric,Photon,2-Wheeler,1279,Tamil Nadu
2024-09,Hero Electric,Photon,2-Wheeler,1296,Delhi
2023-01,Hero Electric,Nyx,2-Wheeler,1208,Maharashtra
2023-02,Hero Electric,Nyx,2-Wheeler,1082,Maharashtra
2023-03,Hero Electric,Nyx,2-Wheeler,1284,Delhi
2023-04,Hero Electric,Nyx,2-Wheeler,1125,Delhi
2023-05,Hero Electric,Nyx,2-Wheeler,1146,Karnataka
2023-06,Hero Electric,Nyx,2-Wheeler,1264,Karnataka
2023-07,Hero Electric,Nyx,2-Wheeler,1313,Gujarat
2023-08,Hero Electric,Nyx,2-Wheeler,1338,Gujarat
2023-09,Hero Electric,Nyx,2-Wheeler,1323,Delhi
2023-10,Hero Electric,Nyx,2-Wheeler,1241,Maharashtra
2023-11,Hero Electric,Nyx,2-Wheeler,1309,Karnataka
2023-12,Hero Electric,Nyx,2-Wheeler,1350,Gujarat
2024-01,Hero Electric,Nyx,2-Wheeler,1122,Gujarat
2024-02,Hero Electric,Nyx,2-Wheeler,1102,Maharashtra
2024-03,Hero Electric,Nyx,2-Wheeler,1193,Delhi
2024-04,Hero Electric,Nyx,2-Wheeler,1297,Delhi
2024-05,Hero Electric,Nyx,2-Wheeler,1165,Karnataka
2024-06,Hero Electric,Nyx,2-Wheeler,1177,Karnataka
2024-07,Hero Electric,Nyx,2-Wheeler,1367,Maharashtra
2024-08,Hero Electric,Nyx,2-Wheeler,1267,Maharashtra
2024-09,Hero Electric,Nyx,2-Wheeler,1298,Gujarat
2023-01,Ampere,Magnus Pro,2-Wheeler,1756,Tamil Nadu
2023-02,Ampere,Magnus Pro,2-Wheeler,1957,Delhi
2023-03,Ampere,Magnus Pro,2-Wheeler,1896,Karnataka
2023-04,Ampere,Magnus Pro,2-Wheeler,1666,Delhi
2023-05,Ampere,Magnus Pro,2-Wheeler,1834,Karnataka
2023-06,Ampere,Magnus Pro,2-Wheeler,1864,Karnataka
2023-07,Ampere,Magnus Pro,2-Wheeler,1788,Delhi
2023-08,Ampere,Magnus Pro,2-Wheeler,1803,Gujarat
2023-09,Ampere,Magnus Pro,2-Wheeler,2036,Karnataka
2023-10,Ampere,Magnus Pro,2-Wheeler,2114,Karnataka
2023-11,Ampere,Magnus Pro,2-Wheeler,2013,Delhi
2023-12,Ampere,Magnus Pro,2-Wheeler,1885,Tamil Nadu
2024-01,Ampere,Magnus Pro,2-Wheeler,1688,Delhi
2024-02,Ampere,Magnus Pro,2-Wheeler,1746,Karnataka
2024-03,Ampere,Magnus Pro,2-Wheeler,1960,Delhi
2024-04,Ampere,Magnus Pro,2-Wheeler,1669,Gujarat
2024-05,Ampere,Magnus Pro,2-Wheeler,2018,Delhi
2024-06,Ampere,Magnus Pro,2-Wheeler,1840,Maharashtra
2024-07,Ampere,Magnus Pro,2-Wheeler,1781,Gujarat
2024-08,Ampere,Magnus Pro,2-Wheeler,1989,Karnataka
2024-09,Ampere,Magnus Pro,2-Wheeler,1860,Gujarat
2023-01,Ampere,Primus,2-Wheeler,3168,Maharashtra
2023-02,Ampere,Primus,2-Wheeler,2785,Karnataka
2023-03,Ampere,Primus,2-Wheeler,3109,Tamil Nadu
2023-04,Ampere,Primus,2-Wheeler,3014,Gujarat
2023-05,Ampere,Primus,2-Wheeler,2803,Gujarat
2023-06,Ampere,Primus,2-Wheeler,3385,Delhi
2023-07,Ampere,Primus,2-Wheeler,2908,Delhi
2023-08,Ampere,Primus,2-Wheeler,3022,Karnataka
2023-09,Ampere,Primus,2-Wheeler,2989,Karnataka
2023-10,Ampere,Primus,2-Wheeler,3140,Maharashtra
2023-11,Ampere,Primus,2-Wheeler,3218,Maharashtra
2023-12,Ampere,Primus,2-Wheeler,3108,Karnataka
2024-01,Ampere,Primus,2-Wheeler,2661,Gujarat
2024-02,Ampere,Primus,2-Wheeler,3042,Tamil Nadu
2024-03,Ampere,Primus,2-Wheeler,3304,Tamil Nadu
2024-04,Ampere,Primus,2-Wheeler,2837,Tamil Nadu
2024-05,Ampere,Primus,2-Wheeler,3204,Tamil Nadu
2024-06,Ampere,Primus,2-Wheeler,2918,Tamil Nadu
2024-07,Ampere,Primus,2-Wheeler,3221,Delhi
2024-08,Ampere,Primus,2-Wheeler,3291,Karnataka
2024-09,Ampere,Primus,2-Wheeler,3174,Maharashtra
2023-01,Okinawa,iPraise,2-Wheeler,1201,Tamil Nadu
2023-02,Okinawa,iPraise,2-Wheeler,1167,Maharashtra
2023-03,Okinawa,iPraise,2-Wheeler,1241,Karnataka
2023-04,Okinawa,iPraise,2-Wheeler,1130,Maharashtra
2023-05,Okinawa,iPraise,2-Wheeler,1217,Karnataka
2023-06,Okinawa,iPraise,2-Wheeler,1228,Karnataka
2023-07,Okinawa,iPraise,2-Wheeler,1191,Delhi
2023-08,Okinawa,iPraise,2-Wheeler,1250,Delhi
2023-09,Okinawa,iPraise,2-Wheeler,1271,Gujarat
2023-10,Okinawa,iPraise,2-Wheeler,1188,Tamil Nadu
2023-11,Okinawa,iPraise,2-Wheeler,1229,Gujarat
2023-12,Okinawa,iPraise,2-Wheeler,1145,Delhi
2024-01,Okinawa,iPraise,2-Wheeler,1035,Karnataka
2024-02,Okinawa,iPraise,2-Wheeler,1182,Gujarat
2024-03,Okinawa,iPraise,2-Wheeler,1140,Delhi
2024-04,Okinawa,iPraise,2-Wheeler,1266,Delhi
2024-05,Okinawa,iPraise,2-Wheeler,1281,Delhi
2024-06,Okinawa,iPraise,2-Wheeler,1187,Tamil Nadu
2024-07,Okinawa,iPraise,2-Wheeler,1119,Karnataka
2024-08,Okinawa,iPraise,2-Wheeler,1121,Delhi
2024-09,Okinawa,iPraise,2-Wheeler,1180,Karnataka
2023-01,Okinawa,PraisePro,2-Wheeler,738,Karnataka
2023-02,Okinawa,PraisePro,2-Wheeler,745,Maharashtra
2023-03,Okinawa,PraisePro,2-Wheeler,859,Delhi
2023-04,Okinawa,PraisePro,2-Wheeler,764,Tamil Nadu
2023-05,Okinawa,PraisePro,2-Wheeler,833,Gujarat
2023-06,Okinawa,PraisePro,2-Wheeler,847,Delhi
2023-07,Okinawa,PraisePro,2-Wheeler,852,Tamil Nadu
2023-08,Okinawa,PraisePro,2-Wheeler,855,Karnataka
2023-09,Okinawa,PraisePro,2-Wheeler,781,Gujarat
2023-10,Okinawa,PraisePro,2-Wheeler,900,Gujarat
2023-11,Okinawa,PraisePro,2-Wheeler,798,Karnataka
2023-12,Okinawa,PraisePro,2-Wheeler,878,Tamil Nadu
2024-01,Okinawa,PraisePro,2-Wheeler,701,Delhi
2024-02,Okinawa,PraisePro,2-Wheeler,703,Karnataka
2024-03,Okinawa,PraisePro,2-Wheeler,743,Tamil Nadu
2024-04,Okinawa,PraisePro,2-Wheeler,835,Delhi
2024-05,Okinawa,PraisePro,2-Wheeler,762,Maharashtra
2024-06,Okinawa,PraisePro,2-Wheeler,841,Gujarat
2024-07,Okinawa,PraisePro,2-Wheeler,796,Gujarat
2024-08,Okinawa,PraisePro,2-Wheeler,832,Maharashtra
2024-09,Okinawa,PraisePro,2-Wheeler,918,Tamil Nadu
2023-01,Revolt,RV400,2-Wheeler,1266,Karnataka
2023-02,Revolt,RV400,2-Wheeler,1196,Gujarat
2023-03,Revolt,RV400,2-Wheeler,1124,Karnataka
2023-04,Revolt,RV400,2-Wheeler,1245,Karnataka
2023-05,Revolt,RV400,2-Wheeler,1258,Tamil Nadu
2023-06,Revolt,RV400,2-Wheeler,1319,Maharashtra
2023-07,Revolt,RV400,2-Wheeler,1200,Gujarat
2023-08,Revolt,RV400,2-Wheeler,1380,Tamil Nadu
2023-09,Revolt,RV400,2-Wheeler,1227,Maharashtra
2023-10,Revolt,RV400,2-Wheeler,1337,Delhi
2023-11,Revolt,RV400,2-Wheeler,1317,Maharashtra
2023-12,Revolt,RV400,2-Wheeler,1351,Karnataka
2024-01,Revolt,RV400,2-Wheeler,1078,Gujarat
2024-02,Revolt,RV400,2-Wheeler,1232,Gujarat
2024-03,Revolt,RV400,2-Wheeler,1213,Gujarat
2024-04,Revolt,RV400,2-Wheeler,1199,Maharashtra
2024-05,Revolt,RV400,2-Wheeler,1275,Karnataka
2024-06,Revolt,RV400,2-Wheeler,1153,Tamil Nadu
2024-07,Revolt,RV400,2-Wheeler,1365,Tamil Nadu
2024-08,Revolt,RV400,2-Wheeler,1354,Delhi
2024-09,Revolt,RV400,2-Wheeler,1407,Maharashtra
2023-01,Pure EV,ePluto 7G,2-Wheeler,1224,Delhi
2023-02,Pure EV,ePluto 7G,2-Wheeler,1367,Gujarat
2023-03,Pure EV,ePluto 7G,2-Wheeler,1215,Karnataka
2023-04,Pure EV,ePluto 7G,2-Wheeler,1327,Karnataka
2023-05,Pure EV,ePluto 7G,2-Wheeler,1322,Delhi
2023-06,Pure EV,ePluto 7G,2-Wheeler,1339,Delhi
2023-07,Pure EV,ePluto 7G,2-Wheeler,1216,Maharashtra
2023-08,Pure EV,ePluto 7G,2-Wheeler,1256,Tamil Nadu
2023-09,Pure EV,ePluto 7G,2-Wheeler,1389,Maharashtra
2023-10,Pure EV,ePluto 7G,2-Wheeler,1350,Tamil Nadu
2023-11,Pure EV,ePluto 7G,2-Wheeler,1413,Karnataka
2023-12,Pure EV,ePluto 7G,2-Wheeler,1291,Gujarat
2024-01,Pure EV,ePluto 7G,2-Wheeler,1235,Maharashtra
2024-02,Pure EV,ePluto 7G,2-Wheeler,1221,Delhi
2024-03,Pure EV,ePluto 7G,2-Wheeler,1195,Delhi
2024-04,Pure EV,ePluto 7G,2-Wheeler,1307,Delhi
2024-05,Pure EV,ePluto 7G,2-Wheeler,1369,Gujarat
2024-06,Pure EV,ePluto 7G,2-Wheeler,1423,Delhi
2024-07,Pure EV,ePluto 7G,2-Wheeler,1258,Tamil Nadu
2024-08,Pure EV,ePluto 7G,2-Wheeler,1415,Gujarat
2024-09,Pure EV,ePluto 7G,2-Wheeler,1437,Gujarat
2023-01,Tata,Tiago EV,4-Wheeler,406,Gujarat
2023-02,Tata,Tiago EV,4-Wheeler,405,Gujarat
2023-03,Tata,Tiago EV,4-Wheeler,429,Maharashtra
2023-04,Tata,Tiago EV,4-Wheeler,467,Maharashtra
2023-05,Tata,Tiago EV,4-Wheeler,471,Karnataka
2023-06,Tata,Tiago EV,4-Wheeler,441,Tamil Nadu
2023-07,Tata,Tiago EV,4-Wheeler,422,Gujarat
2023-08,Tata,Tiago EV,4-Wheeler,431,Delhi
2023-09,Tata,Tiago EV,4-Wheeler,509,Delhi
2023-10,Tata,Tiago EV,4-Wheeler,488,Maharashtra
2023-11,Tata,Tiago EV,4-Wheeler,462,Karnataka
2023-12,Tata,Tiago EV,4-Wheeler,501,Maharashtra
2024-01,Tata,Tiago EV,4-Wheeler,462,Karnataka
2024-02,Tata,Tiago EV,4-Wheeler,400,Delhi
2024-03,Tata,Tiago EV,4-Wheeler,447,Gujarat
2024-04,Tata,Tiago EV,4-Wheeler,459,Tamil Nadu
2024-05,Tata,Tiago EV,4-Wheeler,478,Delhi
2024-06,Tata,Tiago EV,4-Wheeler,413,Gujarat
2024-07,Tata,Tiago EV,4-Wheeler,415,Delhi
2024-08,Tata,Tiago EV,4-Wheeler,491,Tamil Nadu
2024-09,Tata,Tiago EV,4-Wheeler,465,Delhi
2023-01,Tata,Tigor EV,4-Wheeler,359,Gujarat
2023-02,Tata,Tigor EV,4-Wheeler,395,Gujarat
2023-03,Tata,Tigor EV,4-Wheeler,413,Tamil Nadu
2023-04,Tata,Tigor EV,4-Wheeler,399,Tamil Nadu
2023-05,Tata,Tigor EV,4-Wheeler,378,Gujarat
2023-06,Tata,Tigor EV,4-Wheeler,401,Gujarat
2023-07,Tata,Tigor EV,4-Wheeler,382,Tamil Nadu
2023-08,Tata,Tigor EV,4-Wheeler,399,Maharashtra
2023-09,Tata,Tigor EV,4-Wheeler,408,Delhi
2023-10,Tata,Tigor EV,4-Wheeler,404,Gujarat
2023-11,Tata,Tigor EV,4-Wheeler,446,Karnataka
2023-12,Tata,Tigor EV,4-Wheeler,409,Tamil Nadu
2024-01,Tata,Tigor EV,4-Wheeler,375,Karnataka
2024-02,Tata,Tigor EV,4-Wheeler,418,Delhi
2024-03,Tata,Tigor EV,4-Wheeler,398,Gujarat
2024-04,Tata,Tigor EV,4-Wheeler,361,Delhi
2024-05,Tata,Tigor EV,4-Wheeler,394,Tamil Nadu
2024-06,Tata,Tigor EV,4-Wheeler,404,Gujarat
2024-07,Tata,Tigor EV,4-Wheeler,404,Maharashtra
2024-08,Tata,Tigor EV,4-Wheeler,436,Tamil Nadu
2024-09,Tata,Tigor EV,4-Wheeler,428,Maharashtra
2023-01,Tata,Punch EV,4-Wheeler,751,Tamil Nadu
2023-02,Tata,Punch EV,4-Wheeler,776,Gujarat
2023-03,Tata,Punch EV,4-Wheeler,728,Tamil Nadu
2023-04,Tata,Punch EV,4-Wheeler,759,Gujarat
2023-05,Tata,Punch EV,4-Wheeler,730,Karnataka
2023-06,Tata,Punch EV,4-Wheeler,686,Delhi
2023-07,Tata,Punch EV,4-Wheeler,766,Karnataka
2023-08,Tata,Punch EV,4-Wheeler,719,Maharashtra
2023-09,Tata,Punch EV,4-Wheeler,716,Maharashtra
2023-10,Tata,Punch EV,4-Wheeler,724,Tamil Nadu
2023-11,Tata,Punch EV,4-Wheeler,810,Karnataka
2023-12,Tata,Punch EV,4-Wheeler,856,Gujarat
2024-01,Tata,Punch EV,4-Wheeler,735,Tamil Nadu
2024-02,Tata,Punch EV,4-Wheeler,708,Gujarat
2024-03,Tata,Punch EV,4-Wheeler,666,Tamil Nadu
2024-04,Tata,Punch EV,4-Wheeler,728,Gujarat
2024-05,Tata,Punch EV,4-Wheeler,786,Maharashtra
2024-06,Tata,Punch EV,4-Wheeler,717,Tamil Nadu
2024-07,Tata,Punch EV,4-Wheeler,720,Gujarat
2024-08,Tata,Punch EV,4-Wheeler,760,Maharashtra
2024-09,Tata,Punch EV,4-Wheeler,799,Delhi
2023-01,Citroen,eC3,4-Wheeler,682,Delhi
2023-02,Citroen,eC3,4-Wheeler,702,Maharashtra
2023-03,Citroen,eC3,4-Wheeler,821,Karnataka
2023-04,Citroen,eC3,4-Wheeler,754,Delhi
2023-05,Citroen,eC3,4-Wheeler,834,Gujarat
2023-06,Citroen,eC3,4-Wheeler,775,Maharashtra
2023-07,Citroen,eC3,4-Wheeler,797,Gujarat
2023-08,Citroen,eC3,4-Wheeler,845,Tamil Nadu
2023-09,Citroen,eC3,4-Wheeler,763,Gujarat
2023-10,Citroen,eC3,4-Wheeler,823,Tamil Nadu
2023-11,Citroen,eC3,4-Wheeler,776,Gujarat
2023-12,Citroen,eC3,4-Wheeler,829,Gujarat
2024-01,Citroen,eC3,4-Wheeler,763,Gujarat
2024-02,Citroen,eC3,4-Wheeler,730,Gujarat
2024-03,Citroen,eC3,4-Wheeler,815,Maharashtra
2024-04,Citroen,eC3,4-Wheeler,843,Maharashtra
2024-05,Citroen,eC3,4-Wheeler,713,Gujarat
2024-06,Citroen,eC3,4-Wheeler,798,Gujarat
2024-07,Citroen,eC3,4-Wheeler,858,Maharashtra
2024-08,Citroen,eC3,4-Wheeler,859,Maharashtra
2024-09,Citroen,eC3,4-Wheeler,825,Maharashtra
2023-01,MG,Comet EV,4-Wheeler,335,Maharashtra
2023-02,MG,Comet EV,4-Wheeler,319,Gujarat
2023-03,MG,Comet EV,4-Wheeler,349,Delhi
2023-04,MG,Comet EV,4-Wheeler,309,Maharashtra
2023-05,MG,Comet EV,4-Wheeler,303,Tamil Nadu
2023-06,MG,Comet EV,4-Wheeler,351,Maharashtra
2023-07,MG,Comet EV,4-Wheeler,352,Delhi
2023-08,MG,Comet EV,4-Wheeler,340,Karnataka
2023-09,MG,Comet EV,4-Wheeler,350,Maharashtra
2023-10,MG,Comet EV,4-Wheeler,371,Delhi
2023-11,MG,Comet EV,4-Wheeler,338,Maharashtra
2023-12,MG,Comet EV,4-Wheeler,347,Delhi
2024-01,MG,Comet EV,4-Wheeler,338,Gujarat
2024-02,MG,Comet EV,4-Wheeler,307,Maharashtra
2024-03,MG,Comet EV,4-Wheeler,341,Delhi
2024-04,MG,Comet EV,4-Wheeler,317,Tamil Nadu
2024-05,MG,Comet EV,4-Wheeler,325,Gujarat
2024-06,MG,Comet EV,4-Wheeler,358,Maharashtra
2024-07,MG,Comet EV,4-Wheeler,307,Gujarat
2024-08,MG,Comet EV,4-Wheeler,312,Delhi
2024-09,MG,Comet EV,4-Wheeler,313,Delhi
2023-01,Mahindra,e2o,4-Wheeler,290,Maharashtra
2023-02,Mahindra,e2o,4-Wheeler,292,Delhi
2023-03,Mahindra,e2o,4-Wheeler,307,Tamil Nadu
2023-04,Mahindra,e2o,4-Wheeler,314,Gujarat
2023-05,Mahindra,e2o,4-Wheeler,302,Maharashtra
2023-06,Mahindra,e2o,4-Wheeler,312,Maharashtra
2023-07,Mahindra,e2o,4-Wheeler,359,Karnataka
2023-08,Mahindra,e2o,4-Wheeler,321,Maharashtra
2023-09,Mahindra,e2o,4-Wheeler,350,Gujarat
2023-10,Mahindra,e2o,4-Wheeler,355,Gujarat
2023-11,Mahindra,e2o,4-Wheeler,316,Delhi
2023-12,Mahindra,e2o,4-Wheeler,338,Delhi
2024-01,Mahindra,e2o,4-Wheeler,332,Maharashtra
2024-02,Mahindra,e2o,4-Wheeler,324,Delhi
2024-03,Mahindra,e2o,4-Wheeler,330,Tamil Nadu
2024-04,Mahindra,e2o,4-Wheeler,294,Gujarat
2024-05,Mahindra,e2o,4-Wheeler,298,Gujarat
2024-06,Mahindra,e2o,4-Wheeler,302,Tamil Nadu
2024-07,Mahindra,e2o,4-Wheeler,340,Karnataka
2024-08,Mahindra,e2o,4-Wheeler,333,Karnataka
2024-09,Mahindra,e2o,4-Wheeler,350,Gujarat
2023-01,Tata,Nexon EV,4-Wheeler,793,Delhi
2023-02,Tata,Nexon EV,4-Wheeler,879,Maharashtra
2023-03,Tata,Nexon EV,4-Wheeler,776,Delhi
2023-04,Tata,Nexon EV,4-Wheeler,879,Karnataka
2023-05,Tata,Nexon EV,4-Wheeler,774,Delhi
2023-06,Tata,Nexon EV,4-Wheeler,841,Delhi
2023-07,Tata,Nexon EV,4-Wheeler,819,Maharashtra
2023-08,Tata,Nexon EV,4-Wheeler,935,Karnataka
2023-09,Tata,Nexon EV,4-Wheeler,827,Maharashtra
2023-10,Tata,Nexon EV,4-Wheeler,908,Maharashtra
2023-11,Tata,Nexon EV,4-Wheeler,886,Gujarat
2023-12,Tata,Nexon EV,4-Wheeler,957,Tamil Nadu
2024-01,Tata,Nexon EV,4-Wheeler,828,Gujarat
2024-02,Tata,Nexon EV,4-Wheeler,843,Gujarat
2024-03,Tata,Nexon EV,4-Wheeler,790,Delhi
2024-04,Tata,Nexon EV,4-Wheeler,793,Tamil Nadu
2024-05,Tata,Nexon EV,4-Wheeler,766,Karnataka
2024-06,Tata,Nexon EV,4-Wheeler,785,Gujarat
2024-07,Tata,Nexon EV,4-Wheeler,859,Delhi
2024-08,Tata,Nexon EV,4-Wheeler,797,Karnataka
2024-09,Tata,Nexon EV,4-Wheeler,787,Tamil Nadu
2023-01,Tata,Nexon EV Max,4-Wheeler,93,Maharashtra
2023-02,Tata,Nexon EV Max,4-Wheeler,86,Tamil Nadu
2023-03,Tata,Nexon EV Max,4-Wheeler,90,Gujarat
2023-04,Tata,Nexon EV Max,4-Wheeler,97,Tamil Nadu
2023-05,Tata,Nexon EV Max,4-Wheeler,86,Gujarat
2023-06,Tata,Nexon EV Max,4-Wheeler,99,Gujarat
2023-07,Tata,Nexon EV Max,4-Wheeler,86,Gujarat
2023-08,Tata,Nexon EV Max,4-Wheeler,103,Maharashtra
2023-09,Tata,Nexon EV Max,4-Wheeler,99,Tamil Nadu
2023-10,Tata,Nexon EV Max,4-Wheeler,103,Karnataka
2023-11,Tata,Nexon EV Max,4-Wheeler,87,Delhi
2023-12,Tata,Nexon EV Max,4-Wheeler,98,Maharashtra
2024-01,Tata,Nexon EV Max,4-Wheeler,79,Karnataka
2024-02,Tata,Nexon EV Max,4-Wheeler,89,Tamil Nadu
2024-03,Tata,Nexon EV Max,4-Wheeler,92,Delhi
2024-04,Tata,Nexon EV Max,4-Wheeler,86,Gujarat
2024-05,Tata,Nexon EV Max,4-Wheeler,96,Tamil Nadu
2024-06,Tata,Nexon EV Max,4-Wheeler,83,Delhi
2024-07,Tata,Nexon EV Max,4-Wheeler,87,Gujarat
2024-08,Tata,Nexon EV Max,4-Wheeler,92,Karnataka
2024-09,Tata,Nexon EV Max,4-Wheeler,89,Tamil Nadu
2023-01,Tata,Curvv EV,4-Wheeler,61,Maharashtra
2023-02,Tata,Curvv EV,4-Wheeler,66,Tamil Nadu
2023-03,Tata,Curvv EV,4-Wheeler,66,Maharashtra
2023-04,Tata,Curvv EV,4-Wheeler,72,Maharashtra
2023-05,Tata,Curvv EV,4-Wheeler,74,Delhi
2023-06,Tata,Curvv EV,4-Wheeler,72,Tamil Nadu
2023-07,Tata,Curvv EV,4-Wheeler,75,Delhi
2023-08,Tata,Curvv EV,4-Wheeler,77,Delhi
2023-09,Tata,Curvv EV,4-Wheeler,74,Tamil Nadu
2023-10,Tata,Curvv EV,4-Wheeler,69,Tamil Nadu
2023-11,Tata,Curvv EV,4-Wheeler,75,Gujarat
2023-12,Tata,Curvv EV,4-Wheeler,81,Gujarat
2024-01,Tata,Curvv EV,4-Wheeler,72,Karnataka
2024-02,Tata,Curvv EV,4-Wheeler,61,Tamil Nadu
2024-03,Tata,Curvv EV,4-Wheeler,72,Tamil Nadu
2024-04,Tata,Curvv EV,4-Wheeler,67,Delhi
2024-05,Tata,Curvv EV,4-Wheeler,64,Gujarat
2024-06,Tata,Curvv EV,4-Wheeler,69,Maharashtra
2024-07,Tata,Curvv EV,4-Wheeler,68,Gujarat
2024-08,Tata,Curvv EV,4-Wheeler,77,Maharashtra
2024-09,Tata,Curvv EV,4-Wheeler,67,Gujarat
2023-01,Mahindra,XUV400 EV,4-Wheeler,87,Karnataka
2023-02,Mahindra,XUV400 EV,4-Wheeler,79,Gujarat
2023-03,Mahindra,XUV400 EV,4-Wheeler,96,Maharashtra
2023-04,Mahindra,XUV400 EV,4-Wheeler,97,Gujarat
2023-05,Mahindra,XUV400 EV,4-Wheeler,86,Delhi
2023-06,Mahindra,XUV400 EV,4-Wheeler,99,Karnataka
2023-07,Mahindra,XUV400 EV,4-Wheeler,94,Delhi
2023-08,Mahindra,XUV400 EV,4-Wheeler,99,Maharashtra
2023-09,Mahindra,XUV400 EV,4-Wheeler,84,Karnataka
2023-10,Mahindra,XUV400 EV,4-Wheeler,93,Tamil Nadu
2023-11,Mahindra,XUV400 EV,4-Wheeler,92,Maharashtra
2023-12,Mahindra,XUV400 EV,4-Wheeler,87,Gujarat
2024-01,Mahindra,XUV400 EV,4-Wheeler,79,Tamil Nadu
2024-02,Mahindra,XUV400 EV,4-Wheeler,81,Gujarat
2024-03,Mahindra,XUV400 EV,4-Wheeler,81,Maharashtra
2024-04,Mahindra,XUV400 EV,4-Wheeler,93,Karnataka
2024-05,Mahindra,XUV400 EV,4-Wheeler,87,Gujarat
2024-06,Mahindra,XUV400 EV,4-Wheeler,96,Karnataka
2024-07,Mahindra,XUV400 EV,4-Wheeler,86,Maharashtra
2024-08,Mahindra,XUV400 EV,4-Wheeler,85,Karnataka
2024-09,Mahindra,XUV400 EV,4-Wheeler,101,Maharashtra
2023-01,Mahindra,XUV700 EV,4-Wheeler,103,Gujarat
2023-02,Mahindra,XUV700 EV,4-Wheeler,98,Gujarat
2023-03,Mahindra,XUV700 EV,4-Wheeler,89,Karnataka
2023-04,Mahindra,XUV700 EV,4-Wheeler,95,Maharashtra
2023-05,Mahindra,XUV700 EV,4-Wheeler,102,Delhi
2023-06,Mahindra,XUV700 EV,4-Wheeler,92,Tamil Nadu
2023-07,Mahindra,XUV700 EV,4-Wheeler,97,Maharashtra
2023-08,Mahindra,XUV700 EV,4-Wheeler,97,Maharashtra
2023-09,Mahindra,XUV700 EV,4-Wheeler,109,Gujarat
2023-10,Mahindra,XUV700 EV,4-Wheeler,98,Karnataka
2023-11,Mahindra,XUV700 EV,4-Wheeler,101,Karnataka
2023-12,Mahindra,XUV700 EV,4-Wheeler,109,Gujarat
2024-01,Mahindra,XUV700 EV,4-Wheeler,87,Maharashtra
2024-02,Mahindra,XUV700 EV,4-Wheeler,93,Gujarat
2024-03,Mahindra,XUV700 EV,4-Wheeler,102,Delhi
2024-04,Mahindra,XUV700 EV,4-Wheeler,90,Maharashtra
2024-05,Mahindra,XUV700 EV,4-Wheeler,105,Tamil Nadu
2024-06,Mahindra,XUV700 EV,4-Wheeler,101,Delhi
2024-07,Mahindra,XUV700 EV,4-Wheeler,99,Maharashtra
2024-08,Mahindra,XUV700 EV,4-Wheeler,98,Maharashtra
2024-09,Mahindra,XUV700 EV,4-Wheeler,107,Maharashtra
2023-01,Mahindra,BE 6e,4-Wheeler,22,Maharashtra
2023-02,Mahindra,BE 6e,4-Wheeler,21,Maharashtra
2023-03,Mahindra,BE 6e,4-Wheeler,20,Delhi
2023-04,Mahindra,BE 6e,4-Wheeler,21,Gujarat
2023-05,Mahindra,BE 6e,4-Wheeler,20,Tamil Nadu
2023-06,Mahindra,BE 6e,4-Wheeler,23,Gujarat
2023-07,Mahindra,BE 6e,4-Wheeler,21,Gujarat
2023-08,Mahindra,BE 6e,4-Wheeler,22,Karnataka
2023-09,Mahindra,BE 6e,4-Wheeler,21,Maharashtra
2023-10,Mahindra,BE 6e,4-Wheeler,22,Gujarat
2023-11,Mahindra,BE 6e,4-Wheeler,21,Gujarat
2023-12,Mahindra,BE 6e,4-Wheeler,22,Gujarat
2024-01,Mahindra,BE 6e,4-Wheeler,20,Delhi
2024-02,Mahindra,BE 6e,4-Wheeler,21,Tamil Nadu
2024-03,Mahindra,BE 6e,4-Wheeler,20,Gujarat
2024-04,Mahindra,BE 6e,4-Wheeler,23,Karnataka
2024-05,Mahindra,BE 6e,4-Wheeler,21,Delhi
2024-06,Mahindra,BE 6e,4-Wheeler,22,Tamil Nadu
2024-07,Mahindra,BE 6e,4-Wheeler,22,Gujarat
2024-08,Mahindra,BE 6e,4-Wheeler,23,Tamil Nadu
2024-09,Mahindra,BE 6e,4-Wheeler,21,Delhi
2023-01,MG,ZS EV,4-Wheeler,101,Maharashtra
2023-02,MG,ZS EV,4-Wheeler,101,Gujarat
2023-03,MG,ZS EV,4-Wheeler,99,Maharashtra
2023-04,MG,ZS EV,4-Wheeler,106,Gujarat
2023-05,MG,ZS EV,4-Wheeler,100,Gujarat
2023-06,MG,ZS EV,4-Wheeler,95,Delhi
2023-07,MG,ZS EV,4-Wheeler,108,Tamil Nadu
2023-08,MG,ZS EV,4-Wheeler,100,Gujarat
2023-09,MG,ZS EV,4-Wheeler,105,Gujarat
2023-10,MG,ZS EV,4-Wheeler,104,Karnataka
2023-11,MG,ZS EV,4-Wheeler,106,Tamil Nadu
2023-12,MG,ZS EV,4-Wheeler,121,Gujarat
2024-01,MG,ZS EV,4-Wheeler,91,Tamil Nadu
2024-02,MG,ZS EV,4-Wheeler,97,Delhi
2024-03,MG,ZS EV,4-Wheeler,104,Karnataka
2024-04,MG,ZS EV,4-Wheeler,95,Karnataka
2024-05,MG,ZS EV,4-Wheeler,95,Karnataka
2024-06,MG,ZS EV,4-Wheeler,108,Karnataka
2024-07,MG,ZS EV,4-Wheeler,101,Maharashtra
2024-08,MG,ZS EV,4-Wheeler,100,Maharashtra
2024-09,MG,ZS EV,4-Wheeler,98,Delhi
2023-01,MG,Windsor EV,4-Wheeler,514,Karnataka
2023-02,MG,Windsor EV,4-Wheeler,474,Gujarat
2023-03,MG,Windsor EV,4-Wheeler,508,Gujarat
2023-04,MG,Windsor EV,4-Wheeler,563,Gujarat
2023-05,MG,Windsor EV,4-Wheeler,567,Karnataka
2023-06,MG,Windsor EV,4-Wheeler,578,Delhi
2023-07,MG,Windsor EV,4-Wheeler,506,Maharashtra
2023-08,MG,Windsor EV,4-Wheeler,584,Karnataka
2023-09,MG,Windsor EV,4-Wheeler,496,Tamil Nadu
2023-10,MG,Windsor EV,4-Wheeler,533,Delhi
2023-11,MG,Windsor EV,4-Wheeler,572,Karnataka
2023-12,MG,Windsor EV,4-Wheeler,613,Gujarat
2024-01,MG,Windsor EV,4-Wheeler,527,Gujarat
2024-02,MG,Windsor EV,4-Wheeler,550,Maharashtra
2024-03,MG,Windsor EV,4-Wheeler,475,Maharashtra
2024-04,MG,Windsor EV,4-Wheeler,482,Delhi
2024-05,MG,Windsor EV,4-Wheeler,505,Delhi
2024-06,MG,Windsor EV,4-Wheeler,580,Karnataka
2024-07,MG,Windsor EV,4-Wheeler,517,Karnataka
2024-08,MG,Windsor EV,4-Wheeler,592,Tamil Nadu
2024-09,MG,Windsor EV,4-Wheeler,546,Tamil Nadu
2023-01,BYD,Atto 3,4-Wheeler,46,Gujarat
2023-02,BYD,Atto 3,4-Wheeler,50,Gujarat
2023-03,BYD,Atto 3,4-Wheeler,45,Tamil Nadu
2023-04,BYD,Atto 3,4-Wheeler,47,Tamil Nadu
2023-05,BYD,Atto 3,4-Wheeler,51,Delhi
2023-06,BYD,Atto 3,4-Wheeler,47,Tamil Nadu
2023-07,BYD,Atto 3,4-Wheeler,46,Tamil Nadu
2023-08,BYD,Atto 3,4-Wheeler,54,Gujarat
2023-09,BYD,Atto 3,4-Wheeler,48,Tamil Nadu
2023-10,BYD,Atto 3,4-Wheeler,55,Tamil Nadu
2023-11,BYD,Atto 3,4-Wheeler,48,Delhi
2023-12,BYD,Atto 3,4-Wheeler,51,Tamil Nadu
2024-01,BYD,Atto 3,4-Wheeler,43,Gujarat
2024-02,BYD,Atto 3,4-Wheeler,44,Delhi
2024-03,BYD,Atto 3,4-Wheeler,48,Delhi
2024-04,BYD,Atto 3,4-Wheeler,52,Maharashtra
2024-05,BYD,Atto 3,4-Wheeler,47,Karnataka
2024-06,BYD,Atto 3,4-Wheeler,49,Karnataka
2024-07,BYD,Atto 3,4-Wheeler,51,Delhi
2024-08,BYD,Atto 3,4-Wheeler,51,Tamil Nadu
2024-09,BYD,Atto 3,4-Wheeler,52,Delhi
2023-01,BYD,e6,4-Wheeler,37,Delhi
2023-02,BYD,e6,4-Wheeler,33,Karnataka
2023-03,BYD,e6,4-Wheeler,37,Gujarat
2023-04,BYD,e6,4-Wheeler,36,Delhi
2023-05,BYD,e6,4-Wheeler,33,Karnataka
2023-06,BYD,e6,4-Wheeler,32,Maharashtra
2023-07,BYD,e6,4-Wheeler,39,Gujarat
2023-08,BYD,e6,4-Wheeler,34,Gujarat
2023-09,BYD,e6,4-Wheeler,35,Karnataka
2023-10,BYD,e6,4-Wheeler,39,Gujarat
2023-11,BYD,e6,4-Wheeler,35,Karnataka
2023-12,BYD,e6,4-Wheeler,41,Delhi
2024-01,BYD,e6,4-Wheeler,33,Delhi
2024-02,BYD,e6,4-Wheeler,33,Delhi
2024-03,BYD,e6,4-Wheeler,32,Gujarat
2024-04,BYD,e6,4-Wheeler,38,Maharashtra
2024-05,BYD,e6,4-Wheeler,35,Tamil Nadu
2024-06,BYD,e6,4-Wheeler,36,Karnataka
2024-07,BYD,e6,4-Wheeler,34,Gujarat
2024-08,BYD,e6,4-Wheeler,36,Delhi
2024-09,BYD,e6,4-Wheeler,36,Maharashtra
2023-01,Hyundai,Kona Electric,4-Wheeler,58,Tamil Nadu
2023-02,Hyundai,Kona Electric,4-Wheeler,58,Tamil Nadu
2023-03,Hyundai,Kona Electric,4-Wheeler,67,Maharashtra
2023-04,Hyundai,Kona Electric,4-Wheeler,66,Gujarat
2023-05,Hyundai,Kona Electric,4-Wheeler,66,Karnataka
2023-06,Hyundai,Kona Electric,4-Wheeler,70,Karnataka
2023-07,Hyundai,Kona Electric,4-Wheeler,70,Karnataka
2023-08,Hyundai,Kona Electric,4-Wheeler,67,Maharashtra
2023-09,Hyundai,Kona Electric,4-Wheeler,70,Delhi
2023-10,Hyundai,Kona Electric,4-Wheeler,70,Delhi
2023-11,Hyundai,Kona Electric,4-Wheeler,71,Maharashtra
2023-12,Hyundai,Kona Electric,4-Wheeler,72,Gujarat
2024-01,Hyundai,Kona Electric,4-Wheeler,57,Tamil Nadu
2024-02,Hyundai,Kona Electric,4-Wheeler,61,Delhi
2024-03,Hyundai,Kona Electric,4-Wheeler,62,Karnataka
2024-04,Hyundai,Kona Electric,4-Wheeler,61,Maharashtra
2024-05,Hyundai,Kona Electric,4-Wheeler,65,Tamil Nadu
2024-06,Hyundai,Kona Electric,4-Wheeler,60,Delhi
2024-07,Hyundai,Kona Electric,4-Wheeler,68,Tamil Nadu
2024-08,Hyundai,Kona Electric,4-Wheeler,63,Gujarat
2024-09,Hyundai,Kona Electric,4-Wheeler,67,Gujarat
2023-01,Hyundai,Ioniq 5,4-Wheeler,19,Tamil Nadu
2023-02,Hyundai,Ioniq 5,4-Wheeler,23,Gujarat
2023-03,Hyundai,Ioniq 5,4-Wheeler,21,Tamil Nadu
2023-04,Hyundai,Ioniq 5,4-Wheeler,23,Karnataka
2023-05,Hyundai,Ioniq 5,4-Wheeler,20,Karnataka
2023-06,Hyundai,Ioniq 5,4-Wheeler,24,Maharashtra
2023-07,Hyundai,Ioniq 5,4-Wheeler,22,Gujarat
2023-08,Hyundai,Ioniq 5,4-Wheeler,21,Delhi
2023-09,Hyundai,Ioniq 5,4-Wheeler,23,Gujarat
2023-10,Hyundai,Ioniq 5,4-Wheeler,23,Tamil Nadu
2023-11,Hyundai,Ioniq 5,4-Wheeler,23,Maharashtra
2023-12,Hyundai,Ioniq 5,4-Wheeler,21,Tamil Nadu
2024-01,Hyundai,Ioniq 5,4-Wheeler,19,Karnataka
2024-02,Hyundai,Ioniq 5,4-Wheeler,23,Karnataka
2024-03,Hyundai,Ioniq 5,4-Wheeler,21,Delhi
2024-04,Hyundai,Ioniq 5,4-Wheeler,21,Gujarat
2024-05,Hyundai,Ioniq 5,4-Wheeler,23,Tamil Nadu
2024-06,Hyundai,Ioniq 5,4-Wheeler,22,Maharashtra
2024-07,Hyundai,Ioniq 5,4-Wheeler,23,Karnataka
2024-08,Hyundai,Ioniq 5,4-Wheeler,24,Tamil Nadu
2024-09,Hyundai,Ioniq 5,4-Wheeler,21,Karnataka
2023-01,Kia,EV6,4-Wheeler,50,Karnataka
2023-02,Kia,EV6,4-Wheeler,48,Delhi
2023-03,Kia,EV6,4-Wheeler,50,Maharashtra
2023-04,Kia,EV6,4-Wheeler,52,Delhi
2023-05,Kia,EV6,4-Wheeler,51,Gujarat
2023-06,Kia,EV6,4-Wheeler,54,Tamil Nadu
2023-07,Kia,EV6,4-Wheeler,53,Tamil Nadu
2023-08,Kia,EV6,4-Wheeler,58,Gujarat
2023-09,Kia,EV6,4-Wheeler,51,Tamil Nadu
2023-10,Kia,EV6,4-Wheeler,53,Delhi
2023-11,Kia,EV6,4-Wheeler,56,Delhi
2023-12,Kia,EV6,4-Wheeler,50,Maharashtra
2024-01,Kia,EV6,4-Wheeler,51,Maharashtra
2024-02,Kia,EV6,4-Wheeler,48,Maharashtra
2024-03,Kia,EV6,4-Wheeler,47,Delhi
2024-04,Kia,EV6,4-Wheeler,56,Gujarat
2024-05,Kia,EV6,4-Wheeler,56,Maharashtra
2024-06,Kia,EV6,4-Wheeler,49,Delhi
2024-07,Kia,EV6,4-Wheeler,50,Gujarat
2024-08,Kia,EV6,4-Wheeler,51,Delhi
2024-09,Kia,EV6,4-Wheeler,50,Karnataka
2023-01,Volvo,XC40 Recharge,4-Wheeler,89,Karnataka
2023-02,Volvo,XC40 Recharge,4-Wheeler,100,Maharashtra
2023-03,Volvo,XC40 Recharge,4-Wheeler,95,Maharashtra
2023-04,Volvo,XC40 Recharge,4-Wheeler,91,Maharashtra
2023-05,Volvo,XC40 Recharge,4-Wheeler,96,Delhi
2023-06,Volvo,XC40 Recharge,4-Wheeler,93,Tamil Nadu
2023-07,Volvo,XC40 Recharge,4-Wheeler,101,Maharashtra
2023-08,Volvo,XC40 Recharge,4-Wheeler,102,Maharashtra
2023-09,Volvo,XC40 Recharge,4-Wheeler,110,Karnataka
2023-10,Volvo,XC40 Recharge,4-Wheeler,111,Karnataka
2023-11,Volvo,XC40 Recharge,4-Wheeler,99,Maharashtra
2023-12,Volvo,XC40 Recharge,4-Wheeler,108,Karnataka
2024-01,Volvo,XC40 Recharge,4-Wheeler,87,Tamil Nadu
2024-02,Volvo,XC40 Recharge,4-Wheeler,105,Karnataka
2024-03,Volvo,XC40 Recharge,4-Wheeler,92,Tamil Nadu
2024-04,Volvo,XC40 Recharge,4-Wheeler,93,Delhi
2024-05,Volvo,XC40 Recharge,4-Wheeler,96,Gujarat
2024-06,Volvo,XC40 Recharge,4-Wheeler,92,Maharashtra
2024-07,Volvo,XC40 Recharge,4-Wheeler,101,Maharashtra
2024-08,Volvo,XC40 Recharge,4-Wheeler,93,Tamil Nadu
2024-09,Volvo,XC40 Recharge,4-Wheeler,104,Karnataka
2023-01,Mercedes-Benz,EQS,4-Wheeler,73,Gujarat
2023-02,Mercedes-Benz,EQS,4-Wheeler,86,Maharashtra
2023-03,Mercedes-Benz,EQS,4-Wheeler,74,Gujarat
2023-04,Mercedes-Benz,EQS,4-Wheeler,78,Tamil Nadu
2023-05,Mercedes-Benz,EQS,4-Wheeler,84,Karnataka
2023-06,Mercedes-Benz,EQS,4-Wheeler,87,Maharashtra
2023-07,Mercedes-Benz,EQS,4-Wheeler,82,Karnataka
2023-08,Mercedes-Benz,EQS,4-Wheeler,81,Maharashtra
2023-09,Mercedes-Benz,EQS,4-Wheeler,91,Karnataka
2023-10,Mercedes-Benz,EQS,4-Wheeler,85,Tamil Nadu
2023-11,Mercedes-Benz,EQS,4-Wheeler,86,Delhi
2023-12,Mercedes-Benz,EQS,4-Wheeler,91,Tamil Nadu
2024-01,Mercedes-Benz,EQS,4-Wheeler,81,Delhi
2024-02,Mercedes-Benz,EQS,4-Wheeler,81,Gujarat
2024-03,Mercedes-Benz,EQS,4-Wheeler,81,Tamil Nadu
2024-04,Mercedes-Benz,EQS,4-Wheeler,87,Tamil Nadu
2024-05,Mercedes-Benz,EQS,4-Wheeler,75,Gujarat
2024-06,Mercedes-Benz,EQS,4-Wheeler,78,Delhi
2024-07,Mercedes-Benz,EQS,4-Wheeler,79,Gujarat
2024-08,Mercedes-Benz,EQS,4-Wheeler,87,Karnataka
2024-09,Mercedes-Benz,EQS,4-Wheeler,78,Maharashtra
2023-01,Mercedes-Benz,EQB,4-Wheeler,45,Gujarat
2023-02,Mercedes-Benz,EQB,4-Wheeler,44,Delhi
2023-03,Mercedes-Benz,EQB,4-Wheeler,44,Karnataka
2023-04,Mercedes-Benz,EQB,4-Wheeler,43,Gujarat
2023-05,Mercedes-Benz,EQB,4-Wheeler,50,Gujarat
2023-06,Mercedes-Benz,EQB,4-Wheeler,48,Tamil Nadu
2023-07,Mercedes-Benz,EQB,4-Wheeler,49,Delhi
2023-08,Mercedes-Benz,EQB,4-Wheeler,46,Maharashtra
2023-09,Mercedes-Benz,EQB,4-Wheeler,45,Delhi
2023-10,Mercedes-Benz,EQB,4-Wheeler,46,Delhi
2023-11,Mercedes-Benz,EQB,4-Wheeler,50,Gujarat
2023-12,Mercedes-Benz,EQB,4-Wheeler,46,Maharashtra
2024-01,Mercedes-Benz,EQB,4-Wheeler,40,Karnataka
2024-02,Mercedes-Benz,EQB,4-Wheeler,40,Maharashtra
2024-03,Mercedes-Benz,EQB,4-Wheeler,46,Gujarat
2024-04,Mercedes-Benz,EQB,4-Wheeler,41,Gujarat
2024-05,Mercedes-Benz,EQB,4-Wheeler,44,Karnataka
2024-06,Mercedes-Benz,EQB,4-Wheeler,48,Gujarat
2024-07,Mercedes-Benz,EQB,4-Wheeler,48,Delhi
2024-08,Mercedes-Benz,EQB,4-Wheeler,48,Delhi
2024-09,Mercedes-Benz,EQB,4-Wheeler,47,Tamil Nadu
2023-01,Mercedes-Benz,EQE,4-Wheeler,22,Gujarat
2023-02,Mercedes-Benz,EQE,4-Wheeler,26,Gujarat
2023-03,Mercedes-Benz,EQE,4-Wheeler,26,Delhi
2023-04,Mercedes-Benz,EQE,4-Wheeler,24,Delhi
2023-05,Mercedes-Benz,EQE,4-Wheeler,24,Tamil Nadu
2023-06,Mercedes-Benz,EQE,4-Wheeler,24,Tamil Nadu
2023-07,Mercedes-Benz,EQE,4-Wheeler,23,Karnataka
2023-08,Mercedes-Benz,EQE,4-Wheeler,26,Maharashtra
2023-09,Mercedes-Benz,EQE,4-Wheeler,24,Maharashtra
2023-10,Mercedes-Benz,EQE,4-Wheeler,25,Maharashtra
2023-11,Mercedes-Benz,EQE,4-Wheeler,27,Maharashtra
2023-12,Mercedes-Benz,EQE,4-Wheeler,25,Maharashtra
2024-01,Mercedes-Benz,EQE,4-Wheeler,22,Karnataka
2024-02,Mercedes-Benz,EQE,4-Wheeler,24,Gujarat
2024-03,Mercedes-Benz,EQE,4-Wheeler,22,Maharashtra
2024-04,Mercedes-Benz,EQE,4-Wheeler,23,Karnataka
2024-05,Mercedes-Benz,EQE,4-Wheeler,24,Gujarat
2024-06,Mercedes-Benz,EQE,4-Wheeler,23,Karnataka
2024-07,Mercedes-Benz,EQE,4-Wheeler,24,Tamil Nadu
2024-08,Mercedes-Benz,EQE,4-Wheeler,24,Gujarat
2024-09,Mercedes-Benz,EQE,4-Wheeler,25,Gujarat
2023-01,BMW,iX,4-Wheeler,15,Gujarat
2023-02,BMW,iX,4-Wheeler,15,Gujarat
2023-03,BMW,iX,4-Wheeler,15,Karnataka
2023-04,BMW,iX,4-Wheeler,17,Delhi
2023-05,BMW,iX,4-Wheeler,16,Tamil Nadu
2023-06,BMW,iX,4-Wheeler,18,Karnataka
2023-07,BMW,iX,4-Wheeler,16,Karnataka
2023-08,BMW,iX,4-Wheeler,17,Karnataka
2023-09,BMW,iX,4-Wheeler,17,Gujarat
2023-10,BMW,iX,4-Wheeler,16,Gujarat
2023-11,BMW,iX,4-Wheeler,18,Tamil Nadu
2023-12,BMW,iX,4-Wheeler,17,Tamil Nadu
2024-01,BMW,iX,4-Wheeler,17,Maharashtra
2024-02,BMW,iX,4-Wheeler,16,Karnataka
2024-03,BMW,iX,4-Wheeler,16,Gujarat
2024-04,BMW,iX,4-Wheeler,17,Delhi
2024-05,BMW,iX,4-Wheeler,16,Gujarat
2024-06,BMW,iX,4-Wheeler,16,Gujarat
2024-07,BMW,iX,4-Wheeler,16,Maharashtra
2024-08,BMW,iX,4-Wheeler,16,Maharashtra
2024-09,BMW,iX,4-Wheeler,15,Maharashtra
2023-01,BMW,i4,4-Wheeler,56,Delhi
2023-02,BMW,i4,4-Wheeler,50,Gujarat
2023-03,BMW,i4,4-Wheeler,48,Gujarat
2023-04,BMW,i4,4-Wheeler,51,Tamil Nadu
2023-05,BMW,i4,4-Wheeler,59,Gujarat
2023-06,BMW,i4,4-Wheeler,51,Maharashtra
2023-07,BMW,i4,4-Wheeler,50,Maharashtra
2023-08,BMW,i4,4-Wheeler,58,Delhi
2023-09,BMW,i4,4-Wheeler,61,Delhi
2023-10,BMW,i4,4-Wheeler,62,Delhi
2023-11,BMW,i4,4-Wheeler,55,Delhi
2023-12,BMW,i4,4-Wheeler,60,Maharashtra
2024-01,BMW,i4,4-Wheeler,49,Gujarat
2024-02,BMW,i4,4-Wheeler,50,Gujarat
2024-03,BMW,i4,4-Wheeler,48,Maharashtra
2024-04,BMW,i4,4-Wheeler,52,Gujarat
2024-05,BMW,i4,4-Wheeler,49,Karnataka
2024-06,BMW,i4,4-Wheeler,51,Tamil Nadu
2024-07,BMW,i4,4-Wheeler,61,Karnataka
2024-08,BMW,i4,4-Wheeler,52,Maharashtra
2024-09,BMW,i4,4-Wheeler,54,Karnataka
2023-01,BMW,i7,4-Wheeler,26,Gujarat
2023-02,BMW,i7,4-Wheeler,26,Gujarat
2023-03,BMW,i7,4-Wheeler,28,Delhi
2023-04,BMW,i7,4-Wheeler,28,Maharashtra
2023-05,BMW,i7,4-Wheeler,29,Karnataka
2023-06,BMW,i7,4-Wheeler,25,Delhi
2023-07,BMW,i7,4-Wheeler,29,Maharashtra
2023-08,BMW,i7,4-Wheeler,28,Karnataka
2023-09,BMW,i7,4-Wheeler,31,Gujarat
2023-10,BMW,i7,4-Wheeler,27,Tamil Nadu
2023-11,BMW,i7,4-Wheeler,26,Tamil Nadu
2023-12,BMW,i7,4-Wheeler,28,Maharashtra
2024-01,BMW,i7,4-Wheeler,28,Karnataka
2024-02,BMW,i7,4-Wheeler,24,Karnataka
2024-03,BMW,i7,4-Wheeler,28,Tamil Nadu
2024-04,BMW,i7,4-Wheeler,29,Delhi
2024-05,BMW,i7,4-Wheeler,28,Karnataka
2024-06,BMW,i7,4-Wheeler,26,Karnataka
2024-07,BMW,i7,4-Wheeler,25,Maharashtra
2024-08,BMW,i7,4-Wheeler,26,Gujarat
2024-09,BMW,i7,4-Wheeler,27,Maharashtra
2023-01,Audi,e-tron,4-Wheeler,90,Maharashtra
2023-02,Audi,e-tron,4-Wheeler,88,Gujarat
2023-03,Audi,e-tron,4-Wheeler,81,Karnataka
2023-04,Audi,e-tron,4-Wheeler,96,Delhi
2023-05,Audi,e-tron,4-Wheeler,91,Gujarat
2023-06,Audi,e-tron,4-Wheeler,84,Tamil Nadu
2023-07,Audi,e-tron,4-Wheeler,95,Karnataka
2023-08,Audi,e-tron,4-Wheeler,98,Maharashtra
2023-09,Audi,e-tron,4-Wheeler,93,Karnataka
2023-10,Audi,e-tron,4-Wheeler,101,Tamil Nadu
2023-11,Audi,e-tron,4-Wheeler,91,Maharashtra
2023-12,Audi,e-tron,4-Wheeler,86,Karnataka
2024-01,Audi,e-tron,4-Wheeler,93,Maharashtra
2024-02,Audi,e-tron,4-Wheeler,80,Gujarat
2024-03,Audi,e-tron,4-Wheeler,88,Gujarat
2024-04,Audi,e-tron,4-Wheeler,95,Karnataka
2024-05,Audi,e-tron,4-Wheeler,89,Karnataka
2024-06,Audi,e-tron,4-Wheeler,99,Karnataka
2024-07,Audi,e-tron,4-Wheeler,91,Gujarat
2024-08,Audi,e-tron,4-Wheeler,101,Delhi
2024-09,Audi,e-tron,4-Wheeler,89,Gujarat
2023-01,Audi,e-tron GT,4-Wheeler,35,Tamil Nadu
2023-02,Audi,e-tron GT,4-Wheeler,34,Karnataka
2023-03,Audi,e-tron GT,4-Wheeler,40,Tamil Nadu
2023-04,Audi,e-tron GT,4-Wheeler,41,Karnataka
2023-05,Audi,e-tron GT,4-Wheeler,35,Maharashtra
2023-06,Audi,e-tron GT,4-Wheeler,35,Gujarat
2023-07,Audi,e-tron GT,4-Wheeler,38,Maharashtra
2023-08,Audi,e-tron GT,4-Wheeler,43,Delhi
2023-09,Audi,e-tron GT,4-Wheeler,39,Karnataka
2023-10,Audi,e-tron GT,4-Wheeler,42,Delhi
2023-11,Audi,e-tron GT,4-Wheeler,39,Tamil Nadu
2023-12,Audi,e-tron GT,4-Wheeler,37,Gujarat
2024-01,Audi,e-tron GT,4-Wheeler,38,Gujarat
2024-02,Audi,e-tron GT,4-Wheeler,34,Karnataka
2024-03,Audi,e-tron GT,4-Wheeler,39,Maharashtra
2024-04,Audi,e-tron GT,4-Wheeler,35,Maharashtra
2024-05,Audi,e-tron GT,4-Wheeler,37,Tamil Nadu
2024-06,Audi,e-tron GT,4-Wheeler,39,Karnataka
2024-07,Audi,e-tron GT,4-Wheeler,41,Gujarat
2024-08,Audi,e-tron GT,4-Wheeler,39,Karnataka
2024-09,Audi,e-tron GT,4-Wheeler,42,Delhi
2023-01,Porsche,Taycan,4-Wheeler,79,Delhi
2023-02,Porsche,Taycan,4-Wheeler,84,Tamil Nadu
2023-03,Porsche,Taycan,4-Wheeler,76,Tamil Nadu
2023-04,Porsche,Taycan,4-Wheeler,76,Gujarat
2023-05,Porsche,Taycan,4-Wheeler,75,Maharashtra
2023-06,Porsche,Taycan,4-Wheeler,81,Karnataka
2023-07,Porsche,Taycan,4-Wheeler,74,Karnataka
2023-08,Porsche,Taycan,4-Wheeler,86,Karnataka
2023-09,Porsche,Taycan,4-Wheeler,74,Delhi
2023-10,Porsche,Taycan,4-Wheeler,89,Delhi
2023-11,Porsche,Taycan,4-Wheeler,80,Maharashtra
2023-12,Porsche,Taycan,4-Wheeler,88,Delhi
2024-01,Porsche,Taycan,4-Wheeler,72,Maharashtra
2024-02,Porsche,Taycan,4-Wheeler,71,Gujarat
2024-03,Porsche,Taycan,4-Wheeler,85,Gujarat
2024-04,Porsche,Taycan,4-Wheeler,75,Tamil Nadu
2024-05,Porsche,Taycan,4-Wheeler,77,Karnataka
2024-06,Porsche,Taycan,4-Wheeler,84,Gujarat
2024-07,Porsche,Taycan,4-Wheeler,75,Tamil Nadu
2024-08,Porsche,Taycan,4-Wheeler,89,Delhi
2024-09,Porsche,Taycan,4-Wheeler,87,Maharashtra
2023-01,Jaguar,I-Pace,4-Wheeler,82,Tamil Nadu
2023-02,Jaguar,I-Pace,4-Wheeler,77,Tamil Nadu
2023-03,Jaguar,I-Pace,4-Wheeler,85,Karnataka
2023-04,Jaguar,I-Pace,4-Wheeler,85,Tamil Nadu
2023-05,Jaguar,I-Pace,4-Wheeler,84,Karnataka
2023-06,Jaguar,I-Pace,4-Wheeler,77,Tamil Nadu
2023-07,Jaguar,I-Pace,4-Wheeler,89,Tamil Nadu
2023-08,Jaguar,I-Pace,4-Wheeler,74,Delhi
2023-09,Jaguar,I-Pace,4-Wheeler,74,Karnataka
2023-10,Jaguar,I-Pace,4-Wheeler,88,Delhi
2023-11,Jaguar,I-Pace,4-Wheeler,87,Maharashtra
2023-12,Jaguar,I-Pace,4-Wheeler,78,Maharashtra
2024-01,Jaguar,I-Pace,4-Wheeler,75,Tamil Nadu
2024-02,Jaguar,I-Pace,4-Wheeler,72,Tamil Nadu
2024-03,Jaguar,I-Pace,4-Wheeler,78,Delhi
2024-04,Jaguar,I-Pace,4-Wheeler,79,Tamil Nadu
2024-05,Jaguar,I-Pace,4-Wheeler,85,Maharashtra
2024-06,Jaguar,I-Pace,4-Wheeler,77,Gujarat
2024-07,Jaguar,I-Pace,4-Wheeler,77,Tamil Nadu
2024-08,Jaguar,I-Pace,4-Wheeler,78,Delhi
2024-09,Jaguar,I-Pace,4-Wheeler,78,Gujarat
2023-01,Mahindra,Treo,3-Wheeler,260,Gujarat
2023-02,Mahindra,Treo,3-Wheeler,289,Gujarat
2023-03,Mahindra,Treo,3-Wheeler,314,Tamil Nadu
2023-04,Mahindra,Treo,3-Wheeler,313,Delhi
2023-05,Mahindra,Treo,3-Wheeler,313,Tamil Nadu
2023-06,Mahindra,Treo,3-Wheeler,293,Gujarat
2023-07,Mahindra,Treo,3-Wheeler,328,Gujarat
2023-08,Mahindra,Treo,3-Wheeler,322,Karnataka
2023-09,Mahindra,Treo,3-Wheeler,316,Delhi
2023-10,Mahindra,Treo,3-Wheeler,294,Tamil Nadu
2023-11,Mahindra,Treo,3-Wheeler,334,Tamil Nadu
2023-12,Mahindra,Treo,3-Wheeler,330,Karnataka
2024-01,Mahindra,Treo,3-Wheeler,272,Gujarat
2024-02,Mahindra,Treo,3-Wheeler,316,Gujarat
2024-03,Mahindra,Treo,3-Wheeler,283,Maharashtra
2024-04,Mahindra,Treo,3-Wheeler,304,Tamil Nadu
2024-05,Mahindra,Treo,3-Wheeler,300,Karnataka
2024-06,Mahindra,Treo,3-Wheeler,287,Gujarat
2024-07,Mahindra,Treo,3-Wheeler,281,Maharashtra
2024-08,Mahindra,Treo,3-Wheeler,302,Delhi
2024-09,Mahindra,Treo,3-Wheeler,291,Delhi
2023-01,Mahindra,Treo Zor,3-Wheeler,205,Karnataka
2023-02,Mahindra,Treo Zor,3-Wheeler,212,Delhi
2023-03,Mahindra,Treo Zor,3-Wheeler,219,Tamil Nadu
2023-04,Mahindra,Treo Zor,3-Wheeler,226,Gujarat
2023-05,Mahindra,Treo Zor,3-Wheeler,214,Maharashtra
2023-06,Mahindra,Treo Zor,3-Wheeler,235,Delhi
2023-07,Mahindra,Treo Zor,3-Wheeler,218,Gujarat
2023-08,Mahindra,Treo Zor,3-Wheeler,244,Gujarat
2023-09,Mahindra,Treo Zor,3-Wheeler,212,Tamil Nadu
2023-10,Mahindra,Treo Zor,3-Wheeler,245,Tamil Nadu
2023-11,Mahindra,Treo Zor,3-Wheeler,254,Gujarat
2023-12,Mahindra,Treo Zor,3-Wheeler,222,Gujarat
2024-01,Mahindra,Treo Zor,3-Wheeler,229,Delhi
2024-02,Mahindra,Treo Zor,3-Wheeler,230,Gujarat
2024-03,Mahindra,Treo Zor,3-Wheeler,231,Maharashtra
2024-04,Mahindra,Treo Zor,3-Wheeler,215,Karnataka
2024-05,Mahindra,Treo Zor,3-Wheeler,229,Maharashtra
2024-06,Mahindra,Treo Zor,3-Wheeler,248,Maharashtra
2024-07,Mahindra,Treo Zor,3-Wheeler,218,Maharashtra
2024-08,Mahindra,Treo Zor,3-Wheeler,238,Karnataka
2024-09,Mahindra,Treo Zor,3-Wheeler,244,Maharashtra
2023-01,Piaggio,Ape E-Xtra,3-Wheeler,155,Maharashtra
2023-02,Piaggio,Ape E-Xtra,3-Wheeler,152,Gujarat
2023-03,Piaggio,Ape E-Xtra,3-Wheeler,157,Tamil Nadu
2023-04,Piaggio,Ape E-Xtra,3-Wheeler,164,Tamil Nadu
2023-05,Piaggio,Ape E-Xtra,3-Wheeler,167,Karnataka
2023-06,Piaggio,Ape E-Xtra,3-Wheeler,170,Gujarat
2023-07,Piaggio,Ape E-Xtra,3-Wheeler,167,Gujarat
2023-08,Piaggio,Ape E-Xtra,3-Wheeler,188,Maharashtra
2023-09,Piaggio,Ape E-Xtra,3-Wheeler,161,Delhi
2023-10,Piaggio,Ape E-Xtra,3-Wheeler,170,Karnataka
2023-11,Piaggio,Ape E-Xtra,3-Wheeler,191,Gujarat
2023-12,Piaggio,Ape E-Xtra,3-Wheeler,172,Delhi
2024-01,Piaggio,Ape E-Xtra,3-Wheeler,148,Tamil Nadu
2024-02,Piaggio,Ape E-Xtra,3-Wheeler,172,Tamil Nadu
2024-03,Piaggio,Ape E-Xtra,3-Wheeler,175,Karnataka
2024-04,Piaggio,Ape E-Xtra,3-Wheeler,153,Delhi
2024-05,Piaggio,Ape E-Xtra,3-Wheeler,175,Karnataka
2024-06,Piaggio,Ape E-Xtra,3-Wheeler,171,Tamil Nadu
2024-07,Piaggio,Ape E-Xtra,3-Wheeler,175,Delhi
2024-08,Piaggio,Ape E-Xtra,3-Wheeler,158,Gujarat
2024-09,Piaggio,Ape E-Xtra,3-Wheeler,177,Gujarat
2023-01,Piaggio,Ape E-City,3-Wheeler,427,Tamil Nadu
2023-02,Piaggio,Ape E-City,3-Wheeler,459,Karnataka
2023-03,Piaggio,Ape E-City,3-Wheeler,423,Gujarat
2023-04,Piaggio,Ape E-City,3-Wheeler,436,Tamil Nadu
2023-05,Piaggio,Ape E-City,3-Wheeler,504,Delhi
2023-06,Piaggio,Ape E-City,3-Wheeler,499,Tamil Nadu
2023-07,Piaggio,Ape E-City,3-Wheeler,461,Delhi
2023-08,Piaggio,Ape E-City,3-Wheeler,446,Gujarat
2023-09,Piaggio,Ape E-City,3-Wheeler,491,Tamil Nadu
2023-10,Piaggio,Ape E-City,3-Wheeler,512,Tamil Nadu
2023-11,Piaggio,Ape E-City,3-Wheeler,465,Gujarat
2023-12,Piaggio,Ape E-City,3-Wheeler,472,Karnataka
2024-01,Piaggio,Ape E-City,3-Wheeler,490,Tamil Nadu
2024-02,Piaggio,Ape E-City,3-Wheeler,499,Maharashtra
2024-03,Piaggio,Ape E-City,3-Wheeler,420,Delhi
2024-04,Piaggio,Ape E-City,3-Wheeler,480,Tamil Nadu
2024-05,Piaggio,Ape E-City,3-Wheeler,449,Tamil Nadu
2024-06,Piaggio,Ape E-City,3-Wheeler,510,Gujarat
2024-07,Piaggio,Ape E-City,3-Wheeler,446,Gujarat
2024-08,Piaggio,Ape E-City,3-Wheeler,465,Maharashtra
2024-09,Piaggio,Ape E-City,3-Wheeler,525,Tamil Nadu
2023-01,Euler Motors,HiLoad,3-Wheeler,118,Karnataka
2023-02,Euler Motors,HiLoad,3-Wheeler,138,Delhi
2023-03,Euler Motors,HiLoad,3-Wheeler,118,Maharashtra
2023-04,Euler Motors,HiLoad,3-Wheeler,133,Maharashtra
2023-05,Euler Motors,HiLoad,3-Wheeler,128,Delhi
2023-06,Euler Motors,HiLoad,3-Wheeler,120,Gujarat
2023-07,Euler Motors,HiLoad,3-Wheeler,139,Karnataka
2023-08,Euler Motors,HiLoad,3-Wheeler,146,Delhi
2023-09,Euler Motors,HiLoad,3-Wheeler,128,Delhi
2023-10,Euler Motors,HiLoad,3-Wheeler,147,Karnataka
2023-11,Euler Motors,HiLoad,3-Wheeler,143,Maharashtra
2023-12,Euler Motors,HiLoad,3-Wheeler,150,Delhi
2024-01,Euler Motors,HiLoad,3-Wheeler,121,Tamil Nadu
2024-02,Euler Motors,HiLoad,3-Wheeler,137,Karnataka
2024-03,Euler Motors,HiLoad,3-Wheeler,138,Tamil Nadu
2024-04,Euler Motors,HiLoad,3-Wheeler,131,Delhi
2024-05,Euler Motors,HiLoad,3-Wheeler,139,Karnataka
2024-06,Euler Motors,HiLoad,3-Wheeler,132,Gujarat
2024-07,Euler Motors,HiLoad,3-Wheeler,121,Delhi
2024-08,Euler Motors,HiLoad,3-Wheeler,122,Delhi
2024-09,Euler Motors,HiLoad,3-Wheeler,145,Gujarat
2023-01,Omega Seiki,Rage+,3-Wheeler,436,Tamil Nadu
2023-02,Omega Seiki,Rage+,3-Wheeler,392,Tamil Nadu
2023-03,Omega Seiki,Rage+,3-Wheeler,437,Karnataka
2023-04,Omega Seiki,Rage+,3-Wheeler,479,Tamil Nadu
2023-05,Omega Seiki,Rage+,3-Wheeler,468,Maharashtra
2023-06,Omega Seiki,Rage+,3-Wheeler,485,Karnataka
2023-07,Omega Seiki,Rage+,3-Wheeler,421,Karnataka
2023-08,Omega Seiki,Rage+,3-Wheeler,494,Karnataka
2023-09,Omega Seiki,Rage+,3-Wheeler,441,Gujarat
2023-10,Omega Seiki,Rage+,3-Wheeler,433,Delhi
2023-11,Omega Seiki,Rage+,3-Wheeler,505,Maharashtra
2023-12,Omega Seiki,Rage+,3-Wheeler,453,Tamil Nadu
2024-01,Omega Seiki,Rage+,3-Wheeler,454,Gujarat
2024-02,Omega Seiki,Rage+,3-Wheeler,441,Karnataka
2024-03,Omega Seiki,Rage+,3-Wheeler,475,Maharashtra
2024-04,Omega Seiki,Rage+,3-Wheeler,450,Delhi
2024-05,Omega Seiki,Rage+,3-Wheeler,429,Tamil Nadu
2024-06,Omega Seiki,Rage+,3-Wheeler,458,Delhi
2024-07,Omega Seiki,Rage+,3-Wheeler,429,Karnataka
2024-08,Omega Seiki,Rage+,3-Wheeler,430,Gujarat
2024-09,Omega Seiki,Rage+,3-Wheeler,495,Karnataka
2023-01,Altigreen,neEV,3-Wheeler,299,Delhi
2023-02,Altigreen,neEV,3-Wheeler,290,Delhi
2023-03,Altigreen,neEV,3-Wheeler,315,Maharashtra
2023-04,Altigreen,neEV,3-Wheeler,320,Maharashtra
2023-05,Altigreen,neEV,3-Wheeler,312,Karnataka
2023-06,Altigreen,neEV,3-Wheeler,347,Gujarat
2023-07,Altigreen,neEV,3-Wheeler,312,Delhi
2023-08,Altigreen,neEV,3-Wheeler,369,Gujarat
2023-09,Altigreen,neEV,3-Wheeler,352,Delhi
2023-10,Altigreen,neEV,3-Wheeler,370,Karnataka
2023-11,Altigreen,neEV,3-Wheeler,340,Karnataka
2023-12,Altigreen,neEV,3-Wheeler,381,Gujarat
2024-01,Altigreen,neEV,3-Wheeler,324,Tamil Nadu
2024-02,Altigreen,neEV,3-Wheeler,299,Gujarat
2024-03,Altigreen,neEV,3-Wheeler,311,Karnataka
2024-04,Altigreen,neEV,3-Wheeler,294,Delhi
2024-05,Altigreen,neEV,3-Wheeler,325,Gujarat
2024-06,Altigreen,neEV,3-Wheeler,298,Gujarat
2024-07,Altigreen,neEV,3-Wheeler,344,Delhi
2024-08,Altigreen,neEV,3-Wheeler,324,Karnataka
2024-09,Altigreen,neEV,3-Wheeler,327,Karnataka
